City,Country,Lat,Lng,Max Temp (F),Humidity,Cloudiness,Wind Speed (mph),Date
Ushuaia,AR,-54.8,-68.3,29.86,100,90,17.27,1622253847
Pangnirtung,CA,66.1451,-65.7125,21.13,92,55,5.7,1622254101
Punta Arenas,CL,-53.15,-70.9167,35.71,75,20,21.81,1622254101
George Town,MY,5.4112,100.3354,85.95,77,20,1.01,1622254101
Rome,US,43.2128,-75.4557,46.26,92,90,0.0,1622254102
Vaini,TO,-21.2,-175.2,77.16,78,75,2.3,1622254102
Rikitea,PF,-23.1203,-134.9692,76.78,75,77,20.51,1622253841
Olafsvik,IS,64.8945,-23.7142,47.44,87,100,32.88,1622254102
Alice Springs,AU,-23.7,133.8833,58.55,47,0,18.25,1622253860
Bengkulu,ID,-3.8004,102.2655,75.04,94,100,3.4,1622254102
Clyde River,CA,70.4692,-68.5914,23.7,87,100,2.39,1622253959
Kraśnik,PL,50.9236,22.2271,51.67,96,100,6.31,1622254103
Sur,OM,22.5667,59.5289,87.53,43,48,3.6,1622254103
Yellowknife,CA,62.456,-114.3525,57.56,41,7,3.0,1622254103
Bredasdorp,ZA,-34.5322,20.0403,58.28,88,7,9.08,1622254104
Aklavik,CA,68.2191,-135.0107,35.24,61,100,16.24,1622254104
Dali,CN,25.7,100.1833,72.95,57,68,5.59,1622254104
Puerto Ayora,EC,-0.7393,-90.3518,74.55,91,59,4.0,1622254104
Nekhayevskiy,RU,50.4106,41.7561,60.49,74,75,4.14,1622254105
Faanui,PF,-16.4833,-151.75,80.42,70,15,2.24,1622254105
Hofn,IS,64.2539,-15.2082,46.44,97,100,10.16,1622254105
Mataura,NZ,-46.1927,168.8643,49.48,95,100,4.18,1622254105
Vraneštica,MK,41.4453,21.0267,46.8,93,36,3.09,1622254106
Naze,JP,28.3667,129.4833,72.77,72,100,2.42,1622254106
Carnarvon,AU,-24.8667,113.6333,69.87,94,75,8.05,1622254106
Garissa,KE,-0.4536,39.6401,73.8,78,50,12.57,1622254106
Vestmannaeyjar,IS,63.4427,-20.2734,46.99,93,99,40.87,1622254107
Qiongshan,CN,20.0058,110.3542,89.58,70,20,5.84,1622254107
Severo-Kuril'sk,RU,50.6789,156.125,42.21,74,73,6.71,1622254107
Pathein,MM,16.7833,94.7333,82.26,80,100,3.71,1622254107
Thabazimbi,ZA,-24.5917,27.4116,53.37,36,0,2.39,1622254108
Jamestown,US,42.097,-79.2353,44.1,94,90,4.0,1622254108
Saskylakh,RU,71.9167,114.0833,43.23,54,88,13.04,1622254108
Kingman,US,35.1894,-114.053,89.19,6,1,10.76,1622253845
Švenčionys,LT,55.15,26.1667,46.56,97,84,4.41,1622254109
Gigmoto,PH,13.7796,124.39,88.05,65,26,4.25,1622254109
Kapaa,US,22.0752,-159.319,82.38,69,20,1.01,1622254109
Bairiki Village,KI,1.3292,172.9752,80.6,89,75,12.19,1622254109
Saint-Philippe,RE,-21.3585,55.7679,68.22,77,20,2.37,1622254110
Mocuba,MZ,-16.8392,36.9856,59.36,96,0,4.18,1622254110
Bambous Virieux,MU,-20.3428,57.7575,74.21,88,75,8.77,1622254110
Hobart,AU,-42.8794,147.3294,49.26,62,75,4.36,1622254110
Krasnosel'kup,RU,65.7,82.4667,35.83,53,52,18.16,1622254111
Aleksandrov Gay,RU,50.147,48.5704,63.36,85,77,7.14,1622254111
Skowhegan,US,44.7651,-69.7192,53.26,77,100,3.2,1622254111
Baracoa,CU,20.3467,-74.4958,77.09,84,60,5.68,1622254112
Qaanaaq,GL,77.484,-69.3632,37.6,82,99,5.7,1622254112
Qui Nhon,VN,13.7667,109.2333,87.85,65,89,6.22,1622254112
Bari,IT,41.1177,16.8512,61.54,55,0,1.99,1622254112
Hermanus,ZA,-34.4187,19.2345,58.8,85,19,14.7,1622254113
Roblin,CA,51.23,-101.3565,58.19,62,100,17.76,1622254022
Puerto Baquerizo Moreno,EC,-0.9,-89.6,74.77,82,81,10.4,1622254113
Castro,BR,-24.7911,-50.0119,69.76,64,60,14.83,1622254113
Albany,US,42.6001,-73.9662,45.27,92,100,5.3,1622253992
Karagaylinskiy,RU,54.172,86.5521,42.62,89,100,5.7,1622254114
São João da Barra,BR,-21.6403,-41.0511,74.5,91,13,19.15,1622254114
Mujiayingzi,CN,42.1167,118.7833,61.95,33,0,7.05,1622254114
Lavrentiya,RU,65.5833,-171.0,34.21,81,8,12.35,1622254114
Nome,US,64.5011,-165.4064,59.07,24,1,18.41,1622254115
Bluff,NZ,-46.6,168.3333,49.8,84,99,21.68,1622253939
Buraidah,SA,26.326,43.975,86.9,17,39,10.25,1622254115
Muriwai Beach,NZ,-36.8167,174.45,59.36,79,97,14.5,1622254115
Port Elizabeth,ZA,-33.918,25.5701,58.1,67,2,21.07,1622254116
Ketchikan,US,55.3422,-131.6461,48.18,79,100,7.96,1622253837
Cape Town,ZA,-33.9258,18.4232,59.34,90,32,1.99,1622253975
Lebu,CL,-37.6167,-73.65,51.03,87,12,6.22,1622254116
Atuona,PF,-9.8,-139.0333,79.02,73,16,14.63,1622254116
Talnakh,RU,69.4865,88.3972,32.9,98,100,9.48,1622254024
São Filipe,CV,14.8961,-24.4956,72.59,78,6,9.33,1622254116
Hervey Bay,AU,-25.2986,152.8535,74.03,55,95,8.01,1622254104
Thompson,CA,55.7435,-97.8558,58.33,38,100,15.14,1622253843
San Patricio,US,28.017,-97.5169,81.32,87,52,10.92,1622254117
Khatanga,RU,71.9667,102.5,45.59,66,57,14.79,1622254117
Hithadhoo,MV,-0.6,73.0833,82.62,75,100,16.6,1622254117
Beloha,MG,-25.1667,45.05,61.97,84,0,4.07,1622254118
Vao,NC,-22.6667,167.4833,72.03,65,0,24.36,1622254118
Butaritari,KI,3.0707,172.7902,82.89,79,100,16.15,1622254118
Avarua,CK,-21.2078,-159.775,80.65,61,40,9.22,1622254118
New Norfolk,AU,-42.7826,147.0587,48.92,54,6,1.41,1622254119
Broken Hill,AU,-31.95,141.4333,53.06,43,100,13.49,1622254119
Brebeni,RO,44.3667,24.45,56.12,88,82,5.82,1622254119
Sidi Ali,DZ,36.0998,0.4206,62.47,88,45,3.22,1622254119
Philadelphia,US,39.9523,-75.1638,55.35,94,90,8.01,1622254120
Kaitangata,NZ,-46.2817,169.8464,52.93,77,100,8.23,1622254120
Arraial do Cabo,BR,-22.9661,-42.0278,73.51,90,77,27.11,1622254120
Huauchinango,MX,20.1833,-98.05,65.57,95,100,2.35,1622254120
Arlit,NE,18.7369,7.3853,83.91,7,53,4.9,1622254121
Saint George,US,37.1041,-113.5841,93.67,9,1,1.01,1622254088
Torbay,CA,47.6666,-52.7314,40.68,76,91,5.99,1622254121
Loukhi,RU,66.0764,33.0381,35.76,64,99,10.78,1622254121
Gachsaran,IR,30.3586,50.7981,79.95,12,0,4.45,1622254122
Tiksi,RU,71.6872,128.8694,32.97,96,100,15.03,1622254122
Weligama,LK,5.9667,80.4167,80.74,84,86,14.09,1622254122
Ahipara,NZ,-35.1667,173.1667,58.48,74,78,16.15,1622254122
Kavaratti,IN,10.5669,72.642,83.57,74,16,18.9,1622254123
San Rafael,AR,-34.6177,-68.3301,52.16,51,84,2.06,1622254123
Longyearbyen,SJ,78.2186,15.6401,31.84,59,40,20.71,1622254123
Nikel,RU,69.4128,30.222,32.18,75,100,16.33,1622254123
Dikson,RU,73.5069,80.5464,24.01,85,77,4.32,1622254124
Chhor,PK,25.5167,69.7667,84.11,76,19,19.8,1622254124
Bubaque,GW,11.2833,-15.8333,78.26,73,70,9.51,1622254124
Fairbanks,US,64.8378,-147.7164,47.61,43,75,16.11,1622253911
Opuwo,NA,-18.0607,13.84,58.26,35,0,6.13,1622254124
Arman',RU,59.7,150.1667,40.37,85,100,3.74,1622254125
Plouzané,FR,48.3833,-4.6167,57.29,85,0,4.56,1622254125
Faya,SA,18.3851,42.4509,61.32,47,2,1.57,1622254125
Porosozero,RU,62.7191,32.727,34.48,85,3,6.22,1622254126
Lüderitz,NA,-26.6481,15.1594,61.18,58,100,13.71,1622254126
Port Alfred,ZA,-33.5906,26.891,62.53,67,1,23.11,1622254126
Mananjary,MG,-21.2167,48.3333,66.69,90,1,5.95,1622254126
Saravan,AM,39.7196,45.6483,54.25,50,6,6.64,1622254127
Bethel,US,41.3712,-73.414,50.36,90,90,1.99,1622253933
Russell,US,32.3502,-85.1999,72.55,92,75,5.55,1622254127
Barrow,US,71.2906,-156.7887,30.22,80,90,6.91,1622254127
Mortka,RU,59.3322,66.0214,55.47,67,97,6.76,1622254127
Dickinson,US,29.4608,-95.0513,80.94,81,1,5.21,1622254128
Noril'sk,RU,69.3535,88.2027,32.07,98,100,7.67,1622254097
Bathsheba,BB,13.2167,-59.5167,79.41,61,40,13.94,1622254128
Pevek,RU,69.7008,170.3133,37.71,76,40,3.8,1622254128
Ribeira Grande,PT,38.5167,-28.7,62.2,73,22,4.12,1622254129
Cap Malheureux,MU,-19.9842,57.6142,74.46,77,86,3.0,1622254129
Malakal,SS,9.5334,31.6605,80.73,54,8,4.65,1622254129
Padang,ID,-0.9492,100.3543,79.52,90,100,5.59,1622254129
Foam Lake,CA,51.65,-103.5343,60.4,42,30,13.87,1622254130
Zhigansk,RU,66.7697,123.3711,53.11,56,0,16.69,1622254130
Lipin Bor,RU,60.2622,37.9763,44.29,93,100,6.08,1622254130
Zhangye,CN,38.9342,100.4517,78.1,17,46,9.82,1622254130
Lorengau,PG,-2.0226,147.2712,84.33,75,99,10.02,1622254131
Saint Paul Harbor,US,57.79,-152.4072,49.51,81,90,10.36,1622254131
Cidreira,BR,-30.1811,-50.2056,62.56,95,100,11.97,1622254132
Busselton,AU,-33.65,115.3333,65.05,80,97,10.27,1622254132
Sterling,US,39.0062,-77.4286,65.48,96,90,1.01,1622254082
Mgandu,TZ,-5.95,34.1333,55.67,96,32,5.37,1622254132
Hamina,FI,60.5697,27.1979,42.08,82,4,12.17,1622254133
Pahrump,US,36.2083,-115.9839,93.11,6,8,4.0,1622254133
Fortuna,US,40.5982,-124.1573,60.66,67,1,3.0,1622254133
Fukuechō,JP,32.6881,128.8419,66.52,64,5,14.27,1622254134
Khor,RU,47.8861,134.9464,62.65,56,100,5.68,1622254134
Tadine,NC,-21.55,167.8833,74.84,58,6,9.44,1622254134
Praia da Vitória,PT,38.7333,-27.0667,59.76,83,35,5.21,1622254135
Kalachinsk,RU,55.0529,74.5751,54.21,58,100,6.78,1622254135
Tcholliré,CM,8.4022,14.1698,77.92,62,39,3.36,1622254029
Katsuura,JP,35.1333,140.3,78.91,79,100,22.77,1622254135
Boden,SE,65.8252,21.6886,41.0,69,51,3.09,1622254135
La Rioja,ES,42.25,-2.5,58.48,81,100,4.85,1622254097
Eyemouth,GB,55.8713,-2.0901,49.82,92,7,7.31,1622254136
Churāchāndpur,IN,24.3333,93.6667,74.48,62,16,2.57,1622254136
Magugu,TZ,-4.0167,35.7667,59.22,93,29,1.9,1622254136
Ballina,AU,-28.8667,153.5667,68.18,64,100,17.34,1622254137
West Fargo,US,46.875,-96.9004,60.85,28,1,11.5,1622254137
Camaçari,BR,-12.6975,-38.3242,78.57,84,18,2.82,1622253930
Qarqīn,AF,37.4185,66.0436,85.59,20,0,6.02,1622254137
Yerbogachën,RU,61.2767,108.0108,61.09,42,100,7.49,1622254137
Susurluk,TR,39.9136,28.1578,62.83,95,88,3.58,1622254138
Mankera,PK,31.3866,71.4407,96.94,14,81,8.46,1622254138
Chabahar,IR,25.2919,60.643,86.04,71,0,3.76,1622254138
Chokurdakh,RU,70.6333,147.9167,56.93,31,39,16.2,1622254138
Grindavik,IS,63.8424,-22.4338,48.9,93,90,29.91,1622254139
Arawa,PG,-6.2132,155.5367,78.1,93,100,1.83,1622254139
Merauke,ID,-8.4667,140.3333,81.91,72,49,12.62,1622254139
Coquimbo,CL,-29.9533,-71.3436,59.04,88,0,5.06,1622253910
Usakos,NA,-22.0,15.6,64.13,32,0,4.16,1622254140
Northam,GB,51.0333,-4.2167,57.02,77,100,6.02,1622254140
Qinhuangdao,CN,39.9317,119.5883,69.49,43,42,10.04,1622254140
Lagoa,PT,39.05,-27.9833,61.65,75,34,8.1,1622254141
Ormara,PK,25.2088,64.6357,83.23,83,1,8.25,1622254141
Tuktoyaktuk,CA,69.4541,-133.0374,30.92,79,100,8.37,1622254141
Lubeck,US,39.2354,-81.6312,63.37,95,100,5.01,1622254141
Banikoara,BJ,11.2985,2.4386,82.78,53,97,4.07,1622254026
Sambava,MG,-14.2667,50.1667,70.83,85,1,7.76,1622254142
Norman Wells,CA,65.282,-126.8329,39.18,66,100,8.25,1622254142
Srīvardhan,IN,18.0333,73.0167,84.49,73,100,4.97,1622254142
Nanortalik,GL,60.1432,-45.2371,35.78,97,100,3.96,1622254143
Inhambane,MZ,-23.865,35.3833,63.43,73,0,10.67,1622254143
Sioux Lookout,CA,50.1001,-91.917,49.19,45,31,5.46,1622254143
Daund,IN,18.4667,74.6,81.07,64,100,13.91,1622254143
Upernavik,GL,72.7868,-56.1549,29.88,94,98,8.79,1622254144
Harrisburg,US,40.2737,-76.8844,55.54,91,90,11.01,1622253888
Cartagena,CO,10.3997,-75.5144,82.02,83,75,8.05,1622254107
Kokkola,FI,63.8385,23.1307,40.93,92,0,4.25,1622254144
Hasaki,JP,35.7333,140.8333,79.2,74,100,20.24,1622254144
Tuatapere,NZ,-46.1333,167.6833,49.82,90,100,9.51,1622254145
Hong Kong,HK,22.2855,114.1577,91.96,75,100,1.99,1622253913
Meziboři,CZ,50.6212,13.5987,44.1,96,17,3.58,1622254145
Kachīry,KZ,53.0675,76.1036,60.3,46,8,1.23,1622254145
Novobirilyussy,RU,56.9514,90.6661,42.01,47,97,9.91,1622254146
Kahului,US,20.8947,-156.47,82.42,64,40,23.02,1622253998
Tirumullaivāsal,IN,11.2333,79.8333,85.3,63,98,13.4,1622254146
Hilo,US,19.7297,-155.09,78.53,73,75,10.36,1622253992
La Paz Centro,NI,12.34,-86.6753,85.71,54,22,8.01,1622254146
Ruteng,ID,-8.6136,120.4721,73.31,60,83,0.43,1622254147
Tura,IN,25.5198,90.2201,79.47,85,22,4.41,1622254147
Prado,BR,-17.3411,-39.2208,75.04,85,86,7.72,1622254147
Berlevåg,NO,70.8578,29.0864,35.29,76,100,22.46,1622254147
Tasiilaq,GL,65.6145,-37.6368,42.96,92,100,32.39,1622254148
Korla,CN,41.7597,86.1469,81.95,21,5,10.69,1622254148
Isangel,VU,-19.55,169.2667,74.97,66,69,7.87,1622254148
Gizo Government Station,SB,-8.103,156.8419,78.42,90,100,12.01,1622254148
Bandi̇̄pur,NP,27.9333,84.4167,65.19,90,99,3.8,1622254149
Barra de Tecoanapa,MX,16.5167,-98.75,84.13,68,90,3.47,1622254149
Karaton,ID,-6.3424,106.1045,84.96,65,84,0.96,1622254149
Chui,UY,-33.6971,-53.4616,55.06,94,36,7.43,1622254149
Saint-François,FR,46.4154,3.9054,58.17,87,0,2.3,1622254150
Pangody,RU,65.85,74.4859,42.22,41,62,8.48,1622254150
Shetpe,KZ,44.1667,52.1167,68.83,47,73,3.83,1622254150
Bilma,NE,18.6853,12.9164,84.7,10,58,5.1,1622254151
Port Macquarie,AU,-31.4333,152.9167,63.9,71,76,15.93,1622253899
La Tuque,CA,47.4334,-72.7824,37.85,56,7,2.77,1622254151
Ponta do Sol,PT,32.6667,-17.1,66.83,78,100,2.39,1622254151
Geraldton,AU,-28.7667,114.6,64.81,94,90,14.61,1622254151
Suntar,RU,62.1444,117.6319,70.02,36,12,3.69,1622254152
Singaraja,ID,-8.112,115.0882,84.67,69,100,0.98,1622254152
Treinta y Tres,UY,-33.2333,-54.3833,54.52,93,20,8.93,1622253925
Lompoc,US,34.6391,-120.4579,68.09,90,90,10.36,1622254011
Honningsvåg,NO,70.9821,25.9704,36.45,66,100,19.91,1622254152
Saldanha,ZA,-33.0117,17.9442,58.6,83,20,6.51,1622254153
Dahuk,IQ,36.8695,42.994,72.23,29,0,4.34,1622254153
Sakaiminato,JP,35.55,133.2333,65.41,70,13,16.93,1622254153
Big Rapids,US,43.6981,-85.4837,46.69,48,1,5.75,1622254153
Half Moon Bay,US,37.4636,-122.4286,71.96,73,75,9.22,1622254154
Varkala,IN,8.7341,76.7067,80.38,84,54,8.41,1622254154
Mossamedes,AO,-15.1961,12.1522,73.22,60,0,1.88,1622253973
Balkanabat,TM,39.5108,54.3671,84.87,31,0,7.92,1622254154
Leningradskiy,RU,69.3833,178.4167,33.62,87,10,12.88,1622254155
Mar del Plata,AR,-38.0023,-57.5575,55.0,63,40,5.99,1622254155
Aksu,CN,41.1231,80.2644,80.42,18,6,4.32,1622254155
Mānsa,IN,29.9833,75.3833,92.48,39,0,15.57,1622254155
Płock,PL,52.5468,19.7064,49.96,94,55,6.33,1622253941
Ancud,CL,-41.8697,-73.8203,46.42,71,84,5.28,1622254156
Meybod,IR,32.2501,54.0166,73.42,17,0,6.6,1622254156
Grand Gaube,MU,-20.0064,57.6608,74.37,77,84,3.0,1622254156
Nelson Bay,AU,-32.7167,152.15,60.85,73,100,5.01,1622254157
Brae,GB,60.3964,-1.353,46.31,91,57,3.22,1622254157
Oodweyne,SO,9.4092,45.064,69.69,72,77,7.83,1622254157
Chaoyang,CN,41.5703,120.4586,69.8,31,0,6.69,1622254157
Ciudad Bolivar,VE,8.1222,-63.5497,81.97,68,96,13.53,1622253908
Pampierstad,ZA,-27.7832,24.6877,44.98,50,0,4.21,1622254158
Iranshahr,IR,27.2025,60.6848,84.54,12,0,6.91,1622254158
Smithers,CA,54.7804,-127.1743,56.03,43,16,8.23,1622254158
Beringovskiy,RU,63.05,179.3167,33.35,84,12,13.31,1622254159
Stromness,GB,58.965,-3.296,46.36,92,0,14.56,1622254159
Kosonsoy,UZ,41.2561,71.5508,70.36,34,0,4.52,1622254159
Mundo Nuevo (Ojo de Agua),MX,18.7,-95.5,82.11,80,97,11.3,1622254159
Cherskiy,RU,68.75,161.3,57.67,31,71,14.88,1622254160
Angoche,MZ,-16.2325,39.9086,69.69,77,0,3.58,1622254160
Beira,MZ,-19.8436,34.8389,61.39,85,0,7.94,1622254160
Lyubytino,RU,58.8122,33.3922,48.16,87,100,3.24,1622254160
Shellbrook,CA,53.2168,-106.4011,56.93,58,40,16.42,1622254161
Souillac,MU,-20.5167,57.5167,74.35,88,75,6.51,1622254161
Pochutla,MX,15.7432,-96.4661,85.05,71,96,3.67,1622254161
Prince Rupert,CA,54.3161,-130.3201,50.63,67,93,2.55,1622254162
Salinópolis,BR,-0.6136,-47.3561,78.8,85,100,10.13,1622254162
Gijang,KR,35.2442,129.2139,73.13,49,0,9.8,1622254162
Lotofaga,WS,-13.9764,-171.8578,91.18,72,20,11.5,1622254162
Bucerías,MX,20.75,-105.3333,79.99,73,75,2.82,1622254163
Viedma,AR,-40.8135,-62.9967,44.76,49,89,17.85,1622253868
Mount Isa,AU,-20.7333,139.5,71.37,21,37,11.5,1622254163
Bonthe,SL,7.5264,-12.505,80.42,82,95,4.27,1622254163
Pilar,BR,-9.5972,-35.9567,73.33,75,89,3.11,1622254163
Kandrian,PG,-6.2167,149.55,83.73,70,39,16.73,1622254164
Kathmandu,NP,27.7167,85.3167,68.22,88,75,5.75,1622254164
Alofi,NU,-19.0595,-169.9187,77.74,75,37,7.94,1622254164
Camacha,PT,33.0833,-16.3333,63.36,72,20,5.75,1622254164
Yeppoon,AU,-23.1333,150.7333,71.38,63,99,17.67,1622254165
El Salvador,SV,13.8333,-88.9167,73.8,88,91,1.66,1622254165
Emerald,AU,-23.5333,148.1667,65.34,38,100,12.17,1622254165
Yulara,AU,-25.2406,130.9889,60.64,44,0,20.71,1622254166
Baykit,RU,61.67,96.37,36.63,94,100,8.1,1622254166
Hamilton,US,39.1834,-84.5333,52.77,93,90,3.0,1622254166
Aragarças,BR,-15.8975,-52.2508,74.59,53,100,3.0,1622254166
Safi,MA,32.2994,-9.2372,64.63,92,92,2.15,1622254167
Andenes,NO,69.3143,16.1194,38.07,75,95,5.75,1622254167
Avera,US,33.194,-82.5271,80.47,55,94,7.63,1622254167
Nikolskoye,RU,59.7035,30.7861,46.29,96,98,4.23,1622254167
Lincoln,US,40.8,-96.667,52.18,74,90,1.99,1622254168
Tiznit Province,MA,29.5833,-9.5,65.05,75,100,1.05,1622254168
Fandriana,MG,-20.2333,47.3833,49.51,82,0,4.05,1622254168
Chongwe,ZM,-15.3292,28.682,47.97,56,0,1.23,1622254168
Vanderhoof,CA,54.0166,-124.0198,58.75,46,70,10.11,1622254169
Sassandra,CI,4.95,-6.0833,79.61,87,100,6.15,1622254169
Mahébourg,MU,-20.4081,57.7,74.25,88,75,0.0,1622254031
Olinda,BR,-8.0089,-34.8553,78.53,69,75,13.24,1622254169
Kutum,SD,14.2,24.6667,76.8,11,0,9.44,1622254170
Shirokiy,RU,49.758,129.523,62.46,58,100,4.25,1622254170
Rodolfo Sánchez Taboada,MX,31.7167,-116.5667,62.1,77,9,1.99,1622253977
Preobrazheniye,RU,42.9019,133.9064,49.39,93,100,3.56,1622254170
Provideniya,RU,64.3833,-173.3,46.65,36,9,10.36,1622254170
Kigorobya,UG,1.6162,31.3089,65.86,85,62,3.09,1622254171
Touros,BR,-5.1989,-35.4608,76.1,91,70,10.54,1622253987
Turbat,PK,26.0023,63.044,89.55,41,0,1.45,1622254171
Jhajjar,IN,28.6063,76.6565,84.31,52,0,17.34,1622254171
Shimoda,JP,34.6667,138.95,72.1,76,100,18.81,1622254172
Lima,PE,-12.0432,-77.0282,62.13,88,90,11.5,1622253981
Kumul,CN,42.8,93.45,81.61,21,87,15.66,1622254172
San Policarpo,PH,12.1791,125.5072,84.9,72,30,4.09,1622254172
Santa Maria,BR,-29.6842,-53.8069,62.76,99,100,2.48,1622254172
Xai-Xai,MZ,-25.0519,33.6442,60.98,51,0,6.44,1622254173
Boa Vista,BR,2.8197,-60.6733,78.78,89,90,5.75,1622254173
Bud,US,39.447,-86.1758,54.12,91,100,15.35,1622254173
Birjand,IR,32.8663,59.2211,64.87,36,0,6.91,1622254173
Kasimov,RU,54.9411,41.3953,58.12,95,26,2.73,1622254174
Moranbah,AU,-22.0016,148.0466,68.45,30,77,14.67,1622254174
Arrondissement de Muret,FR,43.3333,1.25,68.79,69,100,4.23,1622254174
Itarema,BR,-2.9248,-39.9167,77.58,85,2,9.17,1622254174
Husavik,IS,66.0449,-17.3389,47.68,69,21,13.22,1622254175
Salalah,OM,17.0151,54.0924,84.29,79,75,4.61,1622254175
Noumea,NC,-22.2763,166.4572,76.98,99,23,16.67,1622254175
Pichayevo,RU,53.2363,42.2032,60.82,74,47,1.25,1622254176
Sikonge,TZ,-5.6333,32.7667,61.93,75,63,4.32,1622254176
Evensk,RU,61.95,159.2333,43.66,68,99,6.98,1622254176
Gorin,RU,51.1983,136.6669,64.38,51,77,4.79,1622254176
Atbasar,KZ,51.8,68.3333,60.39,43,0,11.41,1622254177
Pyapon,MM,16.2833,95.6833,79.86,86,100,7.34,1622254177
Coyhaique,CL,-45.5752,-72.0662,37.35,60,0,5.75,1622254177
Cabo San Lucas,MX,22.8909,-109.9124,93.51,23,20,9.22,1622254177
Nālūt,LY,30.3333,10.85,83.46,26,5,8.66,1622254178
Dhidhdhoo,MV,6.8833,73.1,83.68,72,29,20.83,1622254178
Ilulissat,GL,69.2167,-51.1,42.82,61,8,2.3,1622254178
Pontianak,ID,-0.0333,109.3333,78.78,94,20,1.45,1622253907
Ust-Kuyga,RU,70.0167,135.6,50.9,53,13,11.43,1622254178
Krasnogvardeyskiy,RU,57.3793,62.3195,59.4,63,2,5.17,1622254179
Buchanan,LR,5.8808,-10.0467,76.96,85,81,5.28,1622254179
Marsh Harbour,BS,26.5412,-77.0636,77.05,76,1,9.01,1622253933
Vilhena,BR,-12.7406,-60.1458,72.16,76,92,3.13,1622254179
Maturin,VE,9.75,-63.1767,73.87,90,83,6.78,1622254180
Ayagoz,KZ,47.9714,80.4392,57.65,37,86,19.35,1622254180
Sørland,NO,67.667,12.6934,43.86,76,59,2.21,1622254180
Zeya,RU,53.75,127.2667,49.66,76,99,6.26,1622254180
Arinos,BR,-15.9169,-46.1056,73.33,57,100,1.07,1622254181
Christchurch,NZ,-43.5333,172.6333,50.0,97,75,1.01,1622254181
Pacific Grove,US,36.6177,-121.9166,68.45,81,75,4.0,1622254181
Te Anau,NZ,-45.4167,167.7167,43.05,97,100,6.67,1622254181
Morehead,US,37.2711,-87.1764,57.15,88,90,1.99,1622254182
Ilebo,CD,-4.3167,20.5833,69.49,67,90,1.3,1622254182
Bandarbeyla,SO,9.4942,50.8122,79.47,80,93,19.19,1622254182
Los Llanos de Aridane,ES,28.6585,-17.9182,62.35,85,0,11.01,1622253967
Arkadak,RU,51.9326,43.4978,60.08,78,100,5.55,1622254183
Kulu,TR,39.0951,33.0799,56.66,77,76,8.52,1622254183
Saint-Augustin,CA,51.226,-58.6502,41.94,52,14,14.97,1622254183
Wenling,CN,28.3669,121.36,75.9,83,100,3.87,1622254030
Cravo Norte,CO,6.3017,-70.2041,74.84,95,66,4.9,1622254184
Pitiquito,MX,30.7,-112.0833,89.19,12,6,11.52,1622254184
Dombarovskiy,RU,50.7587,59.5386,63.82,45,29,11.01,1622254184
Fare,PF,-16.7,-151.0167,80.71,69,25,4.38,1622254184
Yar-Sale,RU,66.8333,70.8333,43.84,53,36,14.16,1622254185
Hauterive,FR,46.0901,3.4459,57.96,87,100,0.69,1622254185
Denpasar,ID,-8.65,115.2167,82.06,89,40,6.62,1622254185
San Felipe,VE,10.3399,-68.7425,73.22,98,70,2.73,1622254185
Puerto del Rosario,ES,28.5004,-13.8627,65.95,72,100,8.05,1622254058
Rhodes,GR,36.4408,28.2225,69.78,71,0,8.01,1622254159
Flinders,AU,-34.5833,150.8552,59.38,57,57,7.0,1622254186
Correntina,BR,-13.3433,-44.6367,69.48,52,45,2.55,1622254186
Honiara,SB,-9.4333,159.95,80.64,81,100,1.9,1622254186
Baca,MX,21.1,-89.4167,84.22,76,1,9.48,1622254152
Vikulovo,RU,56.8167,70.6107,58.95,62,90,7.05,1622254187
Nouadhibou,MR,20.931,-17.0347,65.62,85,100,20.71,1622254187
East London,ZA,-33.0153,27.9116,61.57,64,2,12.41,1622254187
Qasigiannguit,GL,68.8193,-51.1922,43.05,69,57,3.58,1622254188
Shubarshi,KZ,48.5872,57.1869,71.53,39,60,7.34,1622254188
Progreso,MX,21.2833,-89.6667,84.31,82,0,16.35,1622254188
Kovdor,RU,67.5662,30.4758,31.71,76,54,11.59,1622254188
Jishou,CN,28.3167,109.7167,66.09,97,100,2.08,1622254189
Poronaysk,RU,49.2167,143.1167,41.32,97,100,8.41,1622254189
Malé,MV,4.1748,73.5089,83.23,74,34,20.36,1622254063
Khuzhir,RU,53.1939,107.3397,40.82,88,100,14.23,1622254189
Soledade,BR,-28.8183,-52.5103,60.17,99,100,2.33,1622254189
Santa Rosalía,MX,27.3167,-112.2833,78.67,37,59,2.13,1622254190
Sinop Province,TR,41.7711,34.8709,54.07,96,91,4.32,1622254190
Quatre Cocos,MU,-20.2078,57.7625,74.08,85,96,9.42,1622254190
Egvekinot,RU,66.3167,-179.1667,37.72,58,6,10.56,1622254191
Tuy Hoa,VN,13.0833,109.3,89.02,63,55,4.29,1622254191
Atar,MR,20.5169,-13.0499,88.0,22,50,9.84,1622254191
Joshīmath,IN,30.5667,79.5667,70.79,55,32,2.35,1622254191
Dingle,PH,10.9995,122.6711,88.32,64,62,2.91,1622254192
Shagonar,RU,51.5333,92.8,52.59,58,84,1.05,1622254192
Ashtian,IR,34.5217,50.0019,65.3,20,0,5.97,1622254192
Umluj,SA,25.0213,37.2685,83.26,73,64,10.09,1622254192
Guerrero Negro,MX,27.9769,-114.0611,60.84,79,100,20.51,1622254193
Kupang,ID,-10.1667,123.5833,84.78,61,40,18.41,1622254193
Porto-Novo,BJ,6.4965,2.6036,79.7,87,100,5.03,1622254193
North Platte,US,41.1239,-100.7654,58.98,73,1,7.0,1622254194
Port Lincoln,AU,-34.7333,135.8667,59.25,64,4,12.95,1622254194
Rocha,UY,-34.4833,-54.3333,55.81,74,32,14.56,1622254194
Fujin,CN,47.26,132.0322,65.68,51,95,5.93,1622254194
Kirensk,RU,57.7853,108.1119,45.72,85,100,10.6,1622254195
Haapiti,PF,-17.5667,-149.8667,85.73,74,48,5.66,1622254195
Tevriz,RU,57.509,72.4042,57.67,64,77,4.07,1622254195
Comodoro Rivadavia,AR,-45.8667,-67.5,40.71,49,39,9.31,1622254195
Ostrovnoy,RU,68.0531,39.5131,34.39,96,81,18.3,1622254196
Manono,CD,-7.3,27.4167,63.03,50,57,3.2,1622254196
Srednekolymsk,RU,67.45,153.6833,58.6,29,68,17.09,1622254196
Broome,US,42.2506,-75.833,47.01,88,90,1.01,1622254197
Marawi,PH,7.9986,124.2928,82.65,76,96,2.04,1622254197
Coahuayana Viejo,MX,18.7333,-103.6833,77.56,69,80,3.22,1622254197
Iqaluit,CA,63.7506,-68.5145,25.7,79,7,15.99,1622254197
Nikki,BJ,9.9401,3.2108,79.02,64,94,5.57,1622253977
Hirara,JP,24.8,125.2833,79.38,83,94,8.46,1622254198
Gamba,GA,-2.65,10.0,75.24,94,94,4.59,1622254198
San Fernando del Valle de Catamarca,AR,-28.4696,-65.7852,65.59,58,0,5.44,1622254198
Domat,CH,46.8348,9.4508,52.92,94,39,3.27,1622254199
Kavieng,PG,-2.5744,150.7967,85.46,69,45,9.82,1622254199
Roald,NO,62.5833,6.1333,50.16,87,7,16.11,1622254199
El Centro,US,32.792,-115.563,96.85,20,1,11.5,1622254200
Asmara,ER,15.3333,38.9333,63.01,48,1,1.92,1622253971
Narsaq,GL,60.9167,-46.05,44.82,68,0,4.97,1622254200
Onega,RU,63.9061,38.1404,38.19,88,88,7.7,1622253911
Hibbing,US,47.4272,-92.9377,51.26,29,1,5.75,1622254200
São Miguel do Araguaia,BR,-13.275,-50.1628,76.77,48,98,1.45,1622253980
Manokwari,ID,-0.8667,134.0833,83.68,73,93,4.72,1622254201
Alberton,CA,46.8168,-64.0654,43.93,55,85,11.34,1622254201
Manama,BH,26.2154,50.5832,92.34,34,0,3.44,1622254201
Canutama,BR,-6.5339,-64.3831,76.6,80,31,0.94,1622254201
Znamenskoye,RU,57.1281,73.8282,54.5,69,94,3.36,1622254203
Baruun-Urt,MN,46.6806,113.2792,55.96,39,20,6.4,1622254204
Miami,US,25.7743,-80.1937,79.99,75,20,1.01,1622253956
Vero Beach,US,27.6386,-80.3973,79.09,80,1,1.99,1622254204
Merrill,US,45.1805,-89.6835,47.62,57,1,3.44,1622254204
Virginia Beach,US,36.8529,-75.978,80.65,68,13,1.01,1622254092
Vila Franca do Campo,PT,37.7167,-25.4333,57.61,74,97,4.43,1622254205
Mount Gambier,AU,-37.8333,140.7667,54.46,59,0,4.47,1622254205
Vizinga,RU,61.0749,50.1031,51.17,92,49,5.53,1622254205
Paragominas,BR,-2.9667,-47.4833,73.33,88,79,1.45,1622254206
Ozernovskiy,RU,51.5,156.5167,40.08,86,36,9.64,1622254206
Konëvo,RU,62.1215,39.3192,40.46,94,100,5.32,1622254206
Dulce Grande,MX,23.0,-102.1667,82.8,22,59,6.29,1622254206
Taoudenni,ML,22.6783,-3.9836,95.92,6,78,9.22,1622254207
Eydhafushi,MV,5.1033,73.0708,83.62,72,44,21.16,1622254207
Melbu,NO,68.5044,14.8297,43.32,69,8,0.16,1622254207
Shelburne,CA,44.0787,-80.2041,39.52,88,6,5.53,1622254207
Novosheshminsk,RU,55.0651,51.2338,64.27,70,97,3.98,1622254208
Soyo,AO,-6.1349,12.3689,75.09,90,99,7.0,1622254208
Acapulco de Juárez,MX,16.8634,-99.8901,85.82,70,90,4.16,1622254208
Dibulla,CO,11.2725,-73.3091,77.79,87,98,3.27,1622254209
Albanel,CA,48.8832,-72.4487,37.13,46,0,5.57,1622254209
Chicama,PE,-7.8447,-79.1469,63.14,89,48,5.84,1622254209
Dawson Creek,CA,55.7666,-120.2362,58.14,57,75,8.72,1622254209
Nantucket,US,41.2835,-70.0995,51.96,85,90,14.97,1622254210
Nemuro,JP,43.3236,145.575,43.88,93,100,19.82,1622254210
Wanning,CN,18.8003,110.3967,89.15,66,76,14.61,1622254038
Severnyy,RU,50.677,36.5532,68.04,64,0,0.0,1622254210
High Rock,BS,26.6208,-78.2833,77.02,73,1,9.55,1622254210
Santa Cruz de La Palma,ES,28.6835,-17.7642,66.34,68,0,8.05,1622254211
Lata,PT,40.1629,-8.3327,60.71,98,20,2.08,1622254211
Kharabali,RU,47.4196,47.2568,61.02,80,1,3.09,1622254211
Burns Lake,CA,54.2331,-125.7533,55.49,45,54,10.6,1622254212
Lindås,NO,60.7381,5.16,51.76,78,8,4.47,1622254212
Nong Phai,TH,15.9903,101.0618,84.29,74,76,4.76,1622254212
Hūn,LY,29.1268,15.9477,86.94,15,0,12.97,1622254212
Henties Bay,NA,-22.116,14.2845,60.53,80,0,4.34,1622254213
Port-Gentil,GA,-0.7193,8.7815,78.21,85,94,8.12,1622254213
Ngunguru,NZ,-35.6167,174.5,56.16,75,85,15.26,1622254213
Vegachí,CO,6.7614,-74.7947,66.56,99,100,3.15,1622254213
Poum,NC,-20.2333,164.0167,72.84,69,4,16.73,1622254214
Auki,SB,-8.7676,160.7034,81.28,82,91,5.3,1622254214
Tacaná,GT,15.2333,-92.0833,63.5,98,99,2.84,1622254214
Kysyl-Syr,RU,63.8986,122.7617,67.26,38,8,7.18,1622254214
Nieuw Amsterdam,SR,5.8833,-55.0833,77.02,96,100,9.01,1622254215
Wajir,KE,1.7471,40.0573,74.89,70,100,12.44,1622254215
Pijijiapan,MX,15.7011,-93.23,80.74,84,63,1.07,1622254215
Nushki,PK,29.5542,66.0215,83.93,17,0,5.86,1622254215
Businga,CD,3.3333,20.8833,70.83,98,90,1.74,1622254216
Nabire,ID,-3.3667,135.4833,87.19,65,57,4.56,1622254216
Ucluelet,CA,48.9329,-125.5528,58.08,79,61,1.99,1622254016
King City,US,36.2127,-121.126,87.22,41,90,11.56,1622254216
Surenavan,AM,39.75,44.8,65.01,38,84,4.85,1622254217
Kharan,PK,28.5833,65.4167,87.37,15,0,2.89,1622254217
Fayaoué,NC,-20.65,166.5333,73.33,62,45,14.2,1622254217
Sabha,LY,27.0377,14.4283,86.34,14,10,11.59,1622254217
Cayenne,GF,4.9333,-52.3333,77.04,90,90,6.58,1622254218
Shakawe,BW,-18.3667,21.85,50.27,40,0,2.51,1622254218
Bowen,AU,-20.0167,148.2333,71.04,55,3,14.12,1622254218
Mahibadhoo,MV,3.7833,72.9667,83.41,73,66,19.98,1622254218
Coulommiers,FR,48.8145,3.085,56.86,85,22,6.73,1622254219
Badou,TG,7.5833,0.6,73.71,92,48,2.15,1622254219
Novikovo,RU,51.1537,37.8879,58.59,93,87,2.89,1622254219
Karachi,PK,24.9056,67.0822,84.02,79,40,5.75,1622254206
Matanzas,CU,23.0411,-81.5775,75.96,78,40,7.61,1622254220
Puerto Madero,MX,14.7208,-92.4215,79.0,94,40,0.0,1622254220
Nadym,RU,65.5333,72.5167,45.12,47,20,12.46,1622254220
Port Blair,IN,11.6667,92.75,82.69,80,100,5.82,1622254220
Torbeyevo,RU,54.0797,43.2473,61.38,79,53,2.71,1622254221
Juxtlahuaca,MX,17.4294,-99.1467,75.31,70,7,6.31,1622254221
Hazorasp,UZ,41.3194,61.0742,71.44,28,1,5.84,1622254221
Santa Fe,AR,-31.6333,-60.7,60.98,65,2,4.0,1622253970
Airai,TL,-8.9266,125.4092,68.67,65,88,3.67,1622254221
Surovikino,RU,48.6078,42.8486,66.99,63,63,7.05,1622254222
Eyl,SO,7.9803,49.8164,78.67,78,21,14.58,1622254222
Matamoros,MX,25.5333,-103.25,96.91,20,1,2.48,1622254068
Ola,RU,59.5833,151.2833,41.38,75,100,9.44,1622254222
Banda Aceh,ID,5.5577,95.3222,82.0,73,98,9.75,1622254223
Biak,ID,-0.9131,122.8766,82.31,72,29,7.49,1622254223
Gibara,CU,21.1097,-76.1317,78.12,82,0,11.07,1622254031
Ewo,CG,-0.8725,14.8206,75.31,73,100,1.95,1622254223
Santarém,BR,-2.4431,-54.7083,78.93,94,75,13.8,1622254223
North Bend,US,43.4065,-124.2243,68.23,70,1,26.46,1622254224
Raudeberg,NO,61.9875,5.1352,48.87,84,6,8.57,1622254224
Birobidzhan,RU,48.8,132.95,63.95,60,46,7.96,1622254224
Waddān,LY,29.1614,16.139,85.82,16,0,11.39,1622254225
Meulaboh,ID,4.1363,96.1285,78.33,85,100,4.21,1622254225
Bereket,TM,39.2446,55.5154,82.26,33,0,8.7,1622254225
Kindu,CD,-2.95,25.95,70.21,97,100,2.17,1622254225
Matelândia,BR,-25.2408,-53.9964,79.3,46,64,10.78,1622254226
Sémbé,CG,1.6481,14.5806,70.95,98,97,0.96,1622254226
Washington,US,47.5001,-120.5015,64.94,32,3,10.69,1622254198
Verāval,IN,20.9,70.3667,84.58,73,10,10.36,1622254226
Ponta Delgada,PT,37.7333,-25.6667,57.92,77,40,5.75,1622254226
Klaksvík,FO,62.2266,-6.589,45.52,92,11,16.73,1622253971
Campeche,MX,19.0,-90.5,84.31,55,100,1.72,1622254053
Nemenčinė,LT,54.85,25.4833,43.43,96,6,3.71,1622254227
West Wendover,US,40.7391,-114.0733,74.41,23,20,14.97,1622254227
Camapuã,BR,-19.5314,-54.0439,72.7,61,5,2.62,1622254227
Dzhebariki-Khaya,RU,62.2167,135.8,65.84,39,100,9.89,1622254228
Arrondissement de Douai,FR,50.3333,3.1667,53.51,82,100,6.82,1622254228
Kungälv,SE,57.871,11.9805,49.1,95,8,1.81,1622254228
Grand-Santi,GF,4.25,-54.3833,73.17,99,99,1.97,1622254228
Jesús,PY,-27.05,-55.7833,72.41,77,39,4.09,1622254229
Tahe,CN,52.3333,124.7333,47.89,94,99,5.77,1622254229
Laas,IT,46.6166,10.7002,53.62,83,49,4.25,1622254229
Khani,GE,41.9563,42.9566,53.17,81,90,6.98,1622254229
Venado Tuerto,AR,-33.7456,-61.9688,51.76,58,47,7.18,1622254230
Tondano,ID,1.3038,124.9112,82.49,64,17,4.47,1622254230
Diamantino,BR,-14.4086,-56.4461,73.49,56,96,3.62,1622254086
Kondoa,TZ,-4.9,35.7833,55.2,98,21,4.25,1622254230
Rio Grande,BR,-32.035,-52.0986,57.94,97,100,7.7,1622254231
Malanville,BJ,11.8685,3.3899,87.13,36,100,6.78,1622254231
Iskateley,RU,67.6803,53.1512,37.96,96,100,14.2,1622254231
Nizwá,OM,22.9333,57.5333,85.48,19,41,3.83,1622254231
Tiarei,PF,-17.5333,-149.3333,86.02,75,24,3.6,1622254232
Impfondo,CG,1.6381,18.0667,71.62,96,89,1.19,1622254232
Oleksandrivka,UA,46.8383,32.7612,60.91,94,60,7.92,1622254232
Vila Velha,BR,-20.3297,-40.2925,76.95,85,75,4.0,1622254160
Oconomowoc,US,43.1117,-88.4993,46.98,64,1,1.01,1622253966
Rock Springs,US,41.5875,-109.2029,64.24,24,75,11.01,1622254150
Iquique,CL,-20.2208,-70.1431,62.64,80,57,2.91,1622254233
Beidao,CN,34.5686,105.8933,71.82,62,100,1.92,1622254233
Serebryansk,KZ,49.6925,83.2892,49.55,63,0,5.86,1622254233
Starkville,US,33.4504,-88.8184,73.06,85,100,5.55,1622253965
Polunochnoye,RU,60.8697,60.4153,53.04,96,100,8.05,1622254234
Mayo,US,38.8876,-76.5119,68.16,93,90,7.0,1622254234
Shām Churāsi,IN,31.4997,75.7494,84.02,43,0,17.83,1622254234
Dumai,ID,1.6833,101.45,82.02,80,88,3.76,1622253977
San Cristobal,VE,7.7669,-72.225,66.58,95,87,0.83,1622254235
College,US,64.8569,-147.8028,47.86,43,75,1.01,1622254153
Mombetsu,JP,44.3525,143.3525,50.76,80,100,22.64,1622254235
Bouloupari,NC,-21.8667,166.05,76.91,65,49,11.74,1622254235
Tari,NG,12.4086,4.4914,89.02,25,80,6.85,1622254236
Charters Towers,AU,-20.1,146.2667,69.53,25,56,7.14,1622254236
Kieta,PG,-6.2167,155.6333,78.69,88,100,2.8,1622254236
Haines Junction,CA,60.7522,-137.5108,47.1,60,100,13.11,1622254236
Hammerfest,NO,70.6634,23.6821,36.05,64,90,1.14,1622254237
Sissach,CH,47.4641,7.8089,54.36,81,100,2.53,1622254237
Billings Metropolitan Area,US,45.7833,-108.5007,59.5,72,75,8.05,1622254185
Kasongo,CD,-4.45,26.6667,70.38,75,100,2.98,1622254237
Antalaha,MG,-14.9003,50.2788,69.55,86,21,6.08,1622254238
Paphos,CY,34.7667,32.4167,67.91,77,90,3.44,1622254238
Thaba-Tseka,LS,-29.522,28.6084,35.33,49,0,4.5,1622254238
Chase,CA,50.8165,-119.6857,59.4,78,58,1.79,1622254238
Esperance,AU,-33.8667,121.9,68.11,53,71,15.12,1622254239
Candolim,IN,15.5181,73.7626,80.6,100,40,4.59,1622254239
Ishigaki,JP,24.3448,124.1572,81.86,78,93,7.65,1622254239
Tezu,IN,27.9167,96.1667,84.78,67,86,1.14,1622254239
Grants Pass,US,42.439,-123.3284,81.91,29,1,8.01,1622254240
Flagstaff,US,35.1981,-111.6513,74.1,15,1,3.0,1622254240
Kon Tum,VN,14.35,108.0,82.36,71,91,2.51,1622254240
Trebukhiv,UA,50.4843,30.903,59.92,94,75,7.16,1622254241
Wellington,NZ,-41.2866,174.7756,58.66,80,90,10.36,1622253948
Albuquerque,US,35.0845,-106.6511,83.1,27,20,7.0,1622254212
Ruwi,OM,23.5996,58.5507,83.89,37,1,8.1,1622254241
Puerto Escondido,MX,15.85,-97.0667,86.83,66,90,0.0,1622254241
Mauá,BR,-23.6678,-46.4614,77.36,59,63,14.2,1622254241
